episode,reward,q1,q2,actor_loss,critic_loss,alpha,entropy,target_entropy,val_reward,buffer_size,patience_counter,best_val,difficulty
0,-8.900828558398137,,,,,,,-1.0,-52.03380052538987,288,0,-52.03380052538987,0.1
1,-8.200947872159547,0.6859464645385742,0.6892156600952148,-1.3338452000170946,0.11214962298981845,0.9950574152171612,-0.6725184265524149,-1.0,-51.92701597850087,576,0,-51.92701597850087,0.1
2,-7.131804887170327,1.0628289116753473,1.0628712972005208,-1.70790035981271,0.04588095781057038,0.9693558075361781,-0.6795355952862236,-1.0,-50.956242910513204,864,0,-50.956242910513204,0.1
3,-8.399660875555243,1.5030653211805556,1.5031467013888888,-2.126755034757985,0.0371460820768132,0.9292246277133623,-0.6793227901475297,-1.0,-50.53443830565026,1152,0,-50.53443830565026,0.1
4,-8.57189628937884,1.8810933430989583,1.8812628851996527,-2.483144995239046,0.03418696414317108,0.8914891742169857,-0.6812914405018091,-1.0,-50.76004264668048,1440,1,-50.53443830565026,0.12000000000000001
5,-9.299506101701814,2.2458563910590277,2.2461140950520835,-2.8244083722432456,0.030756076448597014,0.8559294425778918,-0.68154119555321,-1.0,-50.991785636274834,1728,2,-50.53443830565026,0.12000000000000001
6,-8.285062855000913,2.5963812934027777,2.5966389973958335,-3.1524754058983593,0.027472895078567997,0.8223563138809469,-0.6817120462656021,-1.0,-50.7704560628469,2016,3,-50.53443830565026,0.12000000000000001
7,-8.036983840813038,2.9279581705729165,2.9283921983506946,-3.4622992426156998,0.02572139341888639,0.7906183472110165,-0.6814081350134479,-1.0,-49.54441185873137,2304,0,-49.54441185873137,0.12000000000000001
8,-9.239277306424285,3.240505642361111,3.240817599826389,-3.7545126196410923,0.024317007657373324,0.7605493296351697,-0.6822136419100894,-1.0,-49.46864984677313,2592,0,-49.46864984677313,0.12000000000000001
9,-9.327026514927303,3.5333930121527777,3.53363037109375,-4.0277618327074585,0.0230034219146344,0.7320105545222759,-0.6826583221554756,-1.0,-50.838407493807495,2880,1,-49.46864984677313,0.14
10,-8.160648678915452,3.8046061197916665,3.804775661892361,-4.279728458987342,0.02181861549292484,0.7048995788726542,-0.6823001568102174,-1.0,-51.84973299348551,3168,2,-49.46864984677313,0.14
11,-8.040442037262189,4.054050021701389,4.054165310329861,-4.5113057610061436,0.020783470138364162,0.6791071647571193,-0.6823794471306933,-1.0,-50.36921753527043,3456,3,-49.46864984677313,0.14
12,-8.529973046759554,4.286512586805555,4.286607530381945,-4.72644246617953,0.019372334380427167,0.6545360974139638,-0.6824757661670446,-1.0,-51.859490382655366,3744,4,-49.46864984677313,0.14
13,-7.214196435521543,4.4984130859375,4.498494466145833,-4.921969779663616,0.018102881964296103,0.6311059718330702,-0.6822604696369834,-1.0,-50.88736186668172,4032,5,-49.46864984677313,0.14
14,-7.272106457151377,4.697591145833333,4.697645399305555,-5.105152754320039,0.01741296200715523,0.6087407341433896,-0.6815445305158695,-1.0,-51.918730929761644,4320,6,-49.46864984677313,0.16
15,-6.763698099917982,4.877210828993055,4.877278645833333,-5.270009249448776,0.016076825918086495,0.5873576605485545,-0.6818999275565147,-1.0,-49.34481163210418,4608,0,-49.34481163210418,0.16
16,-7.167516423872205,5.044094509548611,5.044053819444445,-5.422350933154424,0.015547225785364086,0.5668966761893697,-0.6811412901928028,-1.0,-51.84125912036683,4896,1,-49.34481163210418,0.16
17,-6.984351508229527,5.195963541666667,5.196004231770833,-5.560434088110924,0.014371952090489989,0.5473051058749357,-0.6810896485630009,-1.0,-51.73664986202942,5184,2,-49.34481163210418,0.16
18,-7.586342395739422,5.337076822916667,5.337131076388889,-5.68879138595528,0.013695309119712975,0.5285315509471629,-0.6812900898771154,-1.0,-49.77252158149131,5472,3,-49.34481163210418,0.16
19,-7.1906206582639065,5.462320963541667,5.462334526909722,-5.800861689779493,0.013063933923452472,0.5105241599182287,-0.6808894318011072,-1.0,-51.886318620430664,5760,4,-49.34481163210418,0.18
20,-8.050465307332596,5.580417209201389,5.580552842881945,-5.907570441563924,0.012543302792538371,0.4932328052818775,-0.6809187448687024,-1.0,-51.388131783604855,6048,5,-49.34481163210418,0.18
21,-7.34557046266439,5.6846923828125,5.684977213541667,-6.0001127736435995,0.012140900924957046,0.4766197090761529,-0.6803705299066173,-1.0,-51.84327547650338,6336,6,-49.34481163210418,0.18
22,-7.756132807291012,5.782606336805555,5.78271484375,-6.086888770262401,0.011398554346265478,0.4606608121345441,-0.6799833466195397,-1.0,-51.19335862981865,6624,7,-49.34481163210418,0.18
23,-7.470131392905497,5.866400824652778,5.866550021701389,-6.160477083590296,0.010934255199067088,0.4453124033494128,-0.6805636822763417,-1.0,-50.776738285898325,6912,8,-49.34481163210418,0.18
24,-8.901341658185464,5.948757595486111,5.9488525390625,-6.232748117711809,0.010867869639898546,0.4305310019602378,-0.6805313682804505,-1.0,-51.899717189780574,7200,9,-49.34481163210418,0.19999999999999998
25,-7.802459938947995,6.016777886284722,6.0169677734375,-6.291453033685684,0.010497191573247418,0.41630701368881595,-0.6803318582889106,-1.0,-51.82282137097845,7488,10,-49.34481163210418,0.19999999999999998
26,-7.5051001567799736,6.079033745659722,6.079006618923611,-6.344153412514263,0.010124559899041843,0.40260132774710655,-0.6806517684211334,-1.0,-51.73832659304145,7776,11,-49.34481163210418,0.19999999999999998
27,-9.131831181472013,6.137491861979167,6.137437608506945,-6.393174512518777,0.009600162030740952,0.38938913577132755,-0.6796659899668561,-1.0,-51.23310427576047,8064,12,-49.34481163210418,0.19999999999999998
28,-8.382109574640316,6.187120225694445,6.187038845486111,-6.434424195024702,0.009402277743599067,0.37665325092772645,-0.6797092482447624,-1.0,-51.823758300676936,8352,13,-49.34481163210418,0.19999999999999998
29,-7.467135656276732,6.228217230902778,6.228298611111111,-6.467298360334502,0.009065196320686178,0.3643726981762383,-0.6792533728811476,-1.0,-51.4976984294849,8640,14,-49.34481163210418,0.21999999999999997
30,-7.250733077967631,6.269327799479167,6.269368489583333,-6.501091592841679,0.008948926642511247,0.35252247957719696,-0.6795866930236419,-1.0,-51.90961394744647,8928,15,-49.34481163210418,0.21999999999999997
31,-7.035034481089908,6.302259657118055,6.3023681640625,-6.52622268597285,0.008716532148860602,0.34108596067461705,-0.6787507416059574,-1.0,-51.9044944505492,9216,16,-49.34481163210418,0.21999999999999997
32,-8.400926543149351,6.330905490451389,6.330946180555555,-6.547251418232918,0.008319295577368595,0.3300465335034662,-0.6791292304793993,-1.0,-51.88784549044749,9504,17,-49.34481163210418,0.21999999999999997
33,-7.668415443018311,6.358100043402778,6.358113606770833,-6.566930005947749,0.007982824515137408,0.3193898256868124,-0.6783826206293371,-1.0,-51.86405419997687,9792,18,-49.34481163210418,0.21999999999999997
34,-8.602103438110358,6.374457465277778,6.374457465277778,-6.577079961697261,0.0076504390890477225,0.3090940947747893,-0.6790800371931659,-1.0,-51.8850134733861,10080,19,-49.34481163210418,0.23999999999999996
35,-8.730557781714014,6.391018337673611,6.390936957465278,-6.586862297521697,0.007400270114885643,0.2991450389640199,-0.6783651386698087,-1.0,-50.657550113117225,10368,20,-49.34481163210418,0.23999999999999996
36,-8.506950706936108,6.402235243055555,6.402384440104167,-6.59205517007245,0.0072989094915101305,0.2895337440487411,-0.6778275606532892,-1.0,-51.92015910345691,10656,21,-49.34481163210418,0.23999999999999996
37,-8.16464849126433,6.412611219618055,6.412679036458333,-6.595728317896525,0.006726232389660759,0.2802476661486758,-0.6764917711002959,-1.0,-51.88920173988638,10944,22,-49.34481163210418,0.23999999999999996
38,-7.134394277551753,6.413289388020833,6.413397894965278,-6.590538327892621,0.006687545249911232,0.2712744898680184,-0.6766701131645176,-1.0,-51.96054156419265,11232,23,-49.34481163210418,0.23999999999999996
39,-7.090169824316796,6.416110568576389,6.416246202256945,-6.587922187315093,0.006754510352038778,0.26259542049633133,-0.6765438576953279,-1.0,-51.92857385809251,11520,24,-49.34481163210418,0.25999999999999995
40,-6.924791304321311,6.416069878472222,6.416124131944445,-6.5820327616400185,0.006359220839739364,0.2542032945073313,-0.676317012972302,-1.0,-51.96338806222753,11808,25,-49.34481163210418,0.25999999999999995
41,-7.577093750378198,6.411458333333333,6.411282009548611,-6.571626454591751,0.006245454361002582,0.24609074648469687,-0.6744843559960524,-1.0,-51.98820638276039,12096,26,-49.34481163210418,0.25999999999999995
42,-7.0217204867653695,6.405558268229167,6.405598958333333,-6.561028864648607,0.006011867462398691,0.23824267979297373,-0.6758296021984683,-1.0,-51.939257007330376,12384,27,-49.34481163210418,0.25999999999999995
43,-7.041102573498134,6.395521375868055,6.3955078125,-6.545667060547405,0.005962354635509352,0.23065060025287998,-0.6746560811168618,-1.0,-51.84320349967167,12672,28,-49.34481163210418,0.25999999999999995
44,-7.434854683530249,6.380466037326389,6.380560980902778,-6.525495554010074,0.005612114048239568,0.22330521502428585,-0.6742515785412656,-1.0,-51.95678077050735,12960,29,-49.34481163210418,0.27999999999999997
45,-8.986792479297025,6.370564778645833,6.370700412326389,-6.510968499713474,0.005679039939423092,0.216198585410085,-0.6743608713150024,-1.0,-51.9427354075038,13248,30,-49.34481163210418,0.27999999999999997
46,-7.205536372682823,6.354275173611111,6.354437934027778,-6.490454650587505,0.005583667210885324,0.20932350059350333,-0.6728464733395312,-1.0,-51.89189893219154,13536,31,-49.34481163210418,0.27999999999999997
47,-6.9341325766410655,6.3350830078125,6.335205078125,-6.4664297170109215,0.005437839655820021,0.20267608554826844,-0.6718995473865006,-1.0,-52.00102577830203,13824,32,-49.34481163210418,0.27999999999999997
48,-7.866784308498787,6.322075737847222,6.322211371527778,-6.449329454037878,0.005395697843697336,0.1962396859501799,-0.6717080577380128,-1.0,-51.954699149796795,14112,33,-49.34481163210418,0.27999999999999997
49,-7.244571976520389,6.296698676215278,6.296847873263889,-6.41997897459401,0.0054454576877307976,0.19001033622771502,-0.6713153041071362,-1.0,-51.99822649902867,14400,34,-49.34481163210418,0.3
50,-7.282390401988908,6.276394314236111,6.276326497395833,-6.395416461759144,0.005384385314149161,0.18398312386125326,-0.6704614263855748,-1.0,-52.00563282888461,14688,35,-49.34481163210418,0.3
51,-7.17631120863666,6.252780490451389,6.253024631076389,-6.368099288807975,0.005170928332113868,0.17814807759390938,-0.6702354715930091,-1.0,-52.02451432664759,14976,36,-49.34481163210418,0.3
52,-6.863078539300737,6.223904079861111,6.223822699652778,-6.335525946484672,0.005251627285259828,0.17249893210828304,-0.669871320327123,-1.0,-51.91812745982571,15264,37,-49.34481163210418,0.3
53,-7.332027986641046,6.196099175347222,6.196126302083333,-6.304353695776728,0.004968456444556877,0.16703277805613148,-0.6690480168908834,-1.0,-51.798002074155285,15552,38,-49.34481163210418,0.3
54,-6.662888854858418,6.169921875,6.1697998046875,-6.274215244584614,0.004984177336154971,0.1617395825063189,-0.668316702461905,-1.0,-51.985179779738154,15840,39,-49.34481163210418,0.32
55,-7.47448369179025,6.135715060763889,6.135782877604167,-6.236851973666085,0.004921589580286915,0.15661723228792349,-0.667229125690129,-1.0,-52.00027111291581,16128,40,-49.34481163210418,0.32
56,-7.094096858942966,6.105265299479167,6.105278862847222,-6.203086473875576,0.0047223120685278746,0.15165971612764728,-0.6671061354378859,-1.0,-51.71930411141266,16416,41,-49.34481163210418,0.32
57,-7.889251900726697,6.072075737847222,6.071967230902778,-6.166751540369457,0.0046998091695261085,0.14686071645054552,-0.665843734310733,-1.0,-51.91639401616448,16704,42,-49.34481163210418,0.32
58,-7.155239551247691,6.041585286458333,6.041517469618055,-6.133361536595556,0.004588760045104816,0.1422148569383555,-0.66570067157348,-1.0,-51.62783563959397,16992,43,-49.34481163210418,0.32
59,-7.071777168712644,6.008707682291667,6.008802625868055,-6.097464357813199,0.00448202288842165,0.13771620123750633,-0.663837366633945,-1.0,-51.864082009747335,17280,44,-49.34481163210418,0.34
60,-7.466191524256141,5.970513237847222,5.970594618055555,-6.0563235763046475,0.004216814771805528,0.13336213202112251,-0.6642412344614664,-1.0,-50.83091782988823,17568,45,-49.34481163210418,0.34
61,-7.019379778973222,5.931057400173611,5.930894639756945,-6.013956571618716,0.004168373770274532,0.12914612671981254,-0.6612026165756915,-1.0,-51.34522636026099,17856,46,-49.34481163210418,0.34
62,-6.713275501990121,5.894002278645833,5.893839518229167,-5.974343354503314,0.003914986264135223,0.12506499022452366,-0.660616350463695,-1.0,-49.75903470891027,18144,47,-49.34481163210418,0.34
63,-6.776448918143496,5.860297309027778,5.860148111979167,-5.938011022077666,0.0038097538555222047,0.1211131523984174,-0.660888578535782,-1.0,-49.69065059216239,18432,48,-49.34481163210418,0.34
64,-7.032381102342233,5.814832899305555,5.814683702256945,-5.8896987371974525,0.003768686353901608,0.1172894166989459,-0.6592480952127112,-1.0,-50.93916559388948,18720,49,-49.34481163210418,0.36000000000000004
65,-7.595422682915731,5.775661892361111,5.775824652777778,-5.848379487792651,0.0036475412901684954,0.11358540675913294,-0.6583067528489563,-1.0,-49.16070451238176,19008,0,-49.16070451238176,0.36000000000000004
66,-7.392014205443551,5.737738715277778,5.737779405381945,-5.808321820365058,0.003533034411601774,0.11000074953254727,-0.6581467791563935,-1.0,-51.24205574333598,19296,1,-49.16070451238176,0.36000000000000004
67,-6.544418584220309,5.697523328993055,5.697482638888889,-5.765704926517275,0.003818673912772081,0.10652862494397494,-0.65697864174015,-1.0,-51.09015743084513,19584,2,-49.16070451238176,0.36000000000000004
68,-7.4302687386248305,5.6527099609375,5.652723524305555,-5.718516016999881,0.0034204878263861043,0.10316511347062057,-0.6571564798553785,-1.0,-49.683598153876396,19872,3,-49.16070451238176,0.36000000000000004
69,-7.128890257004097,5.6107177734375,5.610758463541667,-5.6743821584516105,0.00336286310064477,0.09990992650596632,-0.6554338733355204,-1.0,-50.43968473202158,20160,4,-49.16070451238176,0.38000000000000006
70,-7.38189715978997,5.569566514756945,5.569471571180555,-5.631207585334778,0.003213508347269251,0.09675723221153021,-0.65294735526873,-1.0,-48.27968984168488,20448,0,-48.27968984168488,0.38000000000000006
71,-7.219321778880787,5.526516384548611,5.526462131076389,-5.586320492956373,0.0033242827751867785,0.09370578282202284,-0.6525873351428244,-1.0,-48.29582662949651,20736,1,-48.27968984168488,0.38000000000000006
72,-6.787796615170946,5.483981662326389,5.484035915798611,-5.541718812452422,0.003314747403944946,0.09075219116898046,-0.6504413276496861,-1.0,-49.276072565038284,21024,2,-48.27968984168488,0.38000000000000006
73,-6.9082589730912405,5.438449435763889,5.438313802083333,-5.4946794692013,0.0032437956316344854,0.08789521243630184,-0.6470784797436662,-1.0,-48.69456036300397,21312,3,-48.27968984168488,0.38000000000000006
74,-6.839457387144188,5.394965277777778,5.394911024305555,-5.4489728311697645,0.003300991581151417,0.08512958459970024,-0.6462564340068234,-1.0,-50.39103274631367,21600,4,-48.27968984168488,0.4000000000000001
75,-7.103838850987364,5.348592122395833,5.348619249131945,-5.4011946933137045,0.003133399278643386,0.08245151800413926,-0.6442572329607275,-1.0,-49.48789662687202,21888,5,-48.27968984168488,0.4000000000000001
76,-6.858709652335855,5.304782443576389,5.304714626736111,-5.355576203929053,0.003202397343152875,0.07985824248236087,-0.6407086414595445,-1.0,-50.568344370460096,22176,6,-48.27968984168488,0.4000000000000001
77,-6.799509010159057,5.260362413194445,5.260403103298611,-5.309741503662533,0.0032317154004380833,0.07734861892337601,-0.6386279014663564,-1.0,-51.57696556543126,22464,7,-48.27968984168488,0.4000000000000001
78,-7.106034230146977,5.216064453125,5.216118706597222,-5.263678131832017,0.0031217055293382145,0.07491803433125217,-0.6384835441907247,-1.0,-51.277994510596265,22752,8,-48.27968984168488,0.4000000000000001
79,-6.794845329149636,5.168877495659722,5.168863932291667,-5.215076982975006,0.0031294973434544066,0.07256446520073546,-0.6329166874703434,-1.0,-51.61602954505227,23040,9,-48.27968984168488,0.4200000000000001
80,-6.919856074421795,5.128404405381945,5.128526475694445,-5.173143507705794,0.0032225832150692846,0.07028738429976834,-0.6331276287221246,-1.0,-51.74546896107162,23328,10,-48.27968984168488,0.4200000000000001
81,-6.425339612862797,5.084052191840278,5.083970811631945,-5.127389204170969,0.0032889034232034143,0.06808025783134831,-0.6315755281183455,-1.0,-51.830917507189675,23616,11,-48.27968984168488,0.4200000000000001
82,-7.491332270997817,5.038926866319445,5.039008246527778,-5.080504400862588,0.0031054961921957633,0.06594268630983101,-0.6289250558863083,-1.0,-51.84781722656985,23904,12,-48.27968984168488,0.4200000000000001
83,-7.495646634746392,4.989827473958333,4.989732530381945,-5.030068872703446,0.0031981771891070013,0.06387238918493192,-0.6275232765409682,-1.0,-50.67599190487661,24192,13,-48.27968984168488,0.4200000000000001
84,-7.015260472994647,4.93896484375,4.939005533854167,-4.978138031231032,0.003118084292509593,0.06186940541697873,-0.6229012641641829,-1.0,-51.65788443981723,24480,14,-48.27968984168488,0.4400000000000001
85,-6.886869510878272,4.895792643229167,4.895887586805555,-4.933693852689531,0.0031762721094613275,0.059931092171205416,-0.6205605022195313,-1.0,-51.483367330743256,24768,15,-48.27968984168488,0.4400000000000001
86,-8.072652587854183,4.846693250868055,4.846611870659722,-4.883547469973564,0.003218336715589329,0.058053228460873164,-0.6184910573065281,-1.0,-51.5951493300278,25056,16,-48.27968984168488,0.4400000000000001
87,-7.99737657710459,4.801201714409722,4.801201714409722,-4.836767055922085,0.0031040657761170426,0.05623470645190941,-0.6177905402663681,-1.0,-51.770955513043134,25344,17,-48.27968984168488,0.4400000000000001
88,-6.362968612815372,4.755655924479167,4.755642361111111,-4.790151461958885,0.0032645611249285545,0.054472260668666825,-0.6135585196316242,-1.0,-51.99278536137418,25632,18,-48.27968984168488,0.4400000000000001
89,-7.483264975593211,4.708116319444445,4.708306206597222,-4.741543958584468,0.0032555862627406088,0.05276590960824655,-0.611778916998042,-1.0,-51.55485110198524,25920,19,-48.27968984168488,0.46000000000000013
90,-6.9145084948917654,4.662177191840278,4.662272135416667,-4.694290222393142,0.0031922573204307505,0.051112288893717855,-0.6107880398631096,-1.0,-51.915516123234454,26208,20,-48.27968984168488,0.46000000000000013
91,-6.443479564808394,4.618421766493055,4.618394639756945,-4.64946877459685,0.0031952659563911664,0.0495119646915959,-0.60661420909067,-1.0,-51.910449972072094,26496,21,-48.27968984168488,0.46000000000000013
92,-6.677676243011027,4.574205186631945,4.574286566840278,-4.604392583171527,0.003200145000139148,0.04796100012026727,-0.6070633394022783,-1.0,-52.03266120178525,26784,22,-48.27968984168488,0.46000000000000013
93,-7.0328071560391185,4.525539822048611,4.525553385416667,-4.554755808578597,0.0031781692280977345,0.04645634411523739,-0.6053559883601136,-1.0,-51.67819963692879,27072,23,-48.27968984168488,0.46000000000000013
94,-6.4784298675693375,4.479722764756945,4.479668511284722,-4.507714210285081,0.0032251089327878114,0.04499976934554676,-0.6028731740597222,-1.0,-51.783370168038836,27360,24,-48.27968984168488,0.48000000000000015
95,-7.1451960792792315,4.427449544270833,4.427463107638889,-4.454817116260529,0.003226844462106884,0.043589611899935536,-0.5977440741327074,-1.0,-52.00339828035757,27648,25,-48.27968984168488,0.48000000000000015
96,-7.565266539478742,4.383070203993055,4.3831787109375,-4.409490043918292,0.003181709537683572,0.0422246643445558,-0.5970937255769968,-1.0,-51.92499278609625,27936,26,-48.27968984168488,0.48000000000000015
97,-7.639445117312487,4.335367838541667,4.335286458333333,-4.360752469963497,0.0031250149824902313,0.04090302173669139,-0.594456965310706,-1.0,-51.21733062039015,28224,27,-48.27968984168488,0.48000000000000015
98,-6.630278348684518,4.287990993923611,4.287950303819445,-4.312230641643207,0.003135388771220783,0.039621686200714774,-0.5933398312578598,-1.0,-51.35759311568603,28512,28,-48.27968984168488,0.48000000000000015
99,-7.8602292503709705,4.241170247395833,4.241129557291667,-4.264625661902958,0.003230855150225883,0.03838083830972513,-0.5935294299076,-1.0,-49.83276616430704,28800,29,-48.27968984168488,0.5000000000000001
100,-7.352866047999782,4.193834092881945,4.193834092881945,-4.216540339920256,0.003246029435508212,0.037177654060845576,-0.5879470217559073,-1.0,-51.59270491601141,29088,30,-48.27968984168488,0.5000000000000001
101,-7.163383230651336,4.149576822916667,4.149590386284722,-4.171518585748142,0.0032730905069102948,0.03601390733900997,-0.5879645231697295,-1.0,-51.58457285685241,29376,31,-48.27968984168488,0.5000000000000001
102,-6.55043487037468,4.1036376953125,4.103569878472222,-4.124897422062026,0.003142039757221937,0.03488574378813306,-0.5852776730640067,-1.0,-49.89766135844121,29664,32,-48.27968984168488,0.5000000000000001
103,-6.473044706460213,4.060899522569445,4.060858832465278,-4.081632009810871,0.0032347311102461796,0.033793242648243904,-0.5823129620403051,-1.0,-51.797977686903074,29952,33,-48.27968984168488,0.5000000000000001
104,-7.282164222520442,4.015936957465278,4.015916612413195,-4.03607663181093,0.0031963621642919155,0.03273523826566008,-0.581282364204526,-1.0,-50.697299903848126,30240,34,-48.27968984168488,0.5200000000000001
105,-7.318556056251027,3.9716796875,3.9716593424479165,-3.990864858031273,0.0032322490798024875,0.03171056405537658,-0.5778690311643813,-1.0,-50.87626306325919,30528,35,-48.27968984168488,0.5200000000000001
106,-6.7830275745115545,3.925320095486111,3.925326877170139,-3.9437553990218372,0.0032648003196098013,0.030717858902385667,-0.5757453323652347,-1.0,-48.514775249381245,30816,36,-48.27968984168488,0.5200000000000001
107,-7.212833029717166,3.8833685980902777,3.8833550347222223,-3.9010684895846577,0.0033066030502797933,0.029756662384089496,-0.5721576304899322,-1.0,-51.04361287862207,31104,37,-48.27968984168488,0.5200000000000001
108,-7.554798172097282,3.8394029405381946,3.8394775390625,-3.856482677989536,0.003328614941791683,0.028826687562589843,-0.5690684030867286,-1.0,-51.099411920087164,31392,38,-48.27968984168488,0.5200000000000001
109,-7.102099008443506,3.7905680338541665,3.7905815972222223,-3.8070573293500476,0.003268575843928071,0.02792698457940585,-0.5638239743808905,-1.0,-50.9242719664609,31680,39,-48.27968984168488,0.5400000000000001
110,-6.615091859822961,3.7504204644097223,3.750454372829861,-3.7662976102696524,0.0034018726995176016,0.027055703478658363,-0.5644025295558903,-1.0,-47.36732107260599,31968,0,-47.36732107260599,0.5400000000000001
111,-7.55442118490239,3.7078179253472223,3.7077840169270835,-3.7230892553925514,0.003514198815941604,0.026210711169470515,-0.5587350827538304,-1.0,-49.466320863829,32256,1,-47.36732107260599,0.5400000000000001
112,-7.376012923950111,3.6637505425347223,3.6638590494791665,-3.678884411851565,0.003500243663438596,0.025393200443229742,-0.5518068410456181,-1.0,-51.125766024873826,32544,2,-47.36732107260599,0.5400000000000001
113,-7.65483533516056,3.6202256944444446,3.6202189127604165,-3.634513537916872,0.0035332083061803132,0.02460262673493061,-0.5475943034721745,-1.0,-51.27878416480353,32832,3,-47.36732107260599,0.5400000000000001
114,-6.314385035182967,3.5831841362847223,3.5831366644965277,-3.5969254250327745,0.003627511678334688,0.02383772405381832,-0.5416680414022671,-1.0,-50.825509893833065,33120,4,-47.36732107260599,0.5600000000000002
115,-7.435320565845594,3.5400322808159723,3.5400322808159723,-3.55357268700997,0.0036652804515647907,0.023097031154773302,-0.5352083915430639,-1.0,-50.54488987008714,33408,5,-47.36732107260599,0.5600000000000002
116,-6.435512201500871,3.5014105902777777,3.5014512803819446,-3.514751006331709,0.003780050139337416,0.022382263210602105,-0.5233954823472433,-1.0,-50.81337650311895,33696,6,-47.36732107260599,0.5600000000000002
117,-7.3032862823390765,3.4585028754340277,3.4585028754340277,-3.4713389062219195,0.003901523853225323,0.021690824017342594,-0.5232915768606795,-1.0,-49.1203337233477,33984,7,-47.36732107260599,0.5600000000000002
118,-7.102314528491493,3.4167005750868054,3.4165785047743054,-3.4289419245388775,0.003954080682079721,0.021021173051041033,-0.5122703462839127,-1.0,-48.48531530555744,34272,8,-47.36732107260599,0.5600000000000002
119,-7.3906750520053714,3.3750678168402777,3.375094943576389,-3.3872668130530252,0.003990791850406418,0.02037513325922191,-0.5040351147246029,-1.0,-48.862896841724556,34560,9,-47.36732107260599,0.5800000000000002
120,-6.4798279604140765,3.3327162000868054,3.3327433268229165,-3.3446041378710003,0.003941969680050129,0.019749804102401767,-0.49235296497742337,-1.0,-47.86361672608499,34848,10,-47.36732107260599,0.5800000000000002
121,-6.9417550211054735,3.299167209201389,3.2990858289930554,-3.310954528550307,0.004072838806476082,0.019146967265341017,-0.476527020542158,-1.0,-49.25181857672351,35136,11,-47.36732107260599,0.5800000000000002
122,-7.121632080751151,3.25506591796875,3.2551133897569446,-3.2666101364625826,0.0041740329187531545,0.018564925748958357,-0.4691571928560734,-1.0,-47.84181212118525,35424,12,-47.36732107260599,0.5800000000000002
123,-7.209930490366524,3.2136637369791665,3.2136366102430554,-3.2251460916466184,0.004164111874059826,0.01800189688543065,-0.45279918310956824,-1.0,-47.58931070370039,35712,13,-47.36732107260599,0.5800000000000002
124,-7.293232455922736,3.1740790473090277,3.1741265190972223,-3.185337704088953,0.004502788249940042,0.01745880189506958,-0.43809379306104446,-1.0,-48.09990547565136,36000,14,-47.36732107260599,0.6000000000000002
125,-6.946442590274549,3.132358127170139,3.1324055989583335,-3.143347111841043,0.004621347317879554,0.016932917073265545,-0.43089900590065455,-1.0,-47.84199737784521,36288,15,-47.36732107260599,0.6000000000000002
126,-6.644411388576802,3.0949164496527777,3.0949028862847223,-3.1055408550633326,0.004971256777935196,0.016424130480219092,-0.4131909184571769,-1.0,-46.32812785415132,36576,0,-46.32812785415132,0.6000000000000002
127,-6.391676781146925,3.057956271701389,3.0579359266493054,-3.068538425697221,0.00509534290823568,0.01593194419466373,-0.41286884020600056,-1.0,-47.26059853301761,36864,1,-46.32812785415132,0.6000000000000002
128,-6.784440177620378,3.0142415364583335,3.014194064670139,-3.0244453251361847,0.00559367276825166,0.01545468259913226,-0.39789365842524504,-1.0,-47.72515505323492,37152,2,-46.32812785415132,0.6000000000000002
129,-6.414557193270006,2.9768134223090277,2.976772732204861,-2.9871358366476164,0.005907167167202311,0.014993325108662248,-0.3831303081371718,-1.0,-47.57605569348303,37440,3,-46.32812785415132,0.6200000000000002
130,-7.043014727188097,2.9387071397569446,2.9387139214409723,-2.9483872337473764,0.006036627193680033,0.014545349882812135,-0.38001062721014023,-1.0,-46.498608568645686,37728,4,-46.32812785415132,0.6200000000000002
131,-6.386580461707521,2.900302463107639,2.9003363715277777,-2.909824723170863,0.006950086112839118,0.014109952698668672,-0.37327384234716493,-1.0,-46.59579569950637,38016,5,-46.32812785415132,0.6200000000000002
132,-7.052862892847405,2.868259006076389,2.8681776258680554,-2.8777240622374745,0.00619623504300964,0.013688127691340115,-0.36623902184267837,-1.0,-46.551244251590106,38304,6,-46.32812785415132,0.6200000000000002
133,-6.531798942540942,2.8277384440104165,2.8277180989583335,-2.836935166683462,0.005674565970063365,0.013278099443090873,-0.3545249095186591,-1.0,-43.618738191313845,38592,0,-43.618738191313845,0.6200000000000002
134,-6.596808666310565,2.79052734375,2.7905476888020835,-2.7993467615710363,0.005731546977282657,0.012881219173626354,-0.34753430877915686,-1.0,-43.06326923853214,38880,0,-43.06326923853214,0.6400000000000002
135,-6.559423162894656,2.7590196397569446,2.7590399848090277,-2.7677182654539743,0.005594628847676277,0.012495911466733864,-0.33755309724559385,-1.0,-42.847886850071205,39168,0,-42.847886850071205,0.6400000000000002
136,-6.489750129427206,2.7196180555555554,2.7196180555555554,-2.7282491309775248,0.005329764371304514,0.012122731338927729,-0.32872996179180014,-1.0,-41.57355720857094,39456,0,-41.57355720857094,0.6400000000000002
137,-6.7742124392839465,2.6833428276909723,2.6833089192708335,-2.6919927994410195,0.005422219996237093,0.011761644292467585,-0.3094499294853045,-1.0,-41.59838460222512,39744,1,-41.57355720857094,0.6400000000000002
138,-6.069803017084668,2.654208713107639,2.6542426215277777,-2.66299936754836,0.00532912855851464,0.01141104793512366,-0.30712207768940264,-1.0,-41.41073912702001,40032,0,-41.41073912702001,0.6400000000000002
139,-6.7569978972758316,2.6152818467881946,2.6153021918402777,-2.6240702354245715,0.005538508925787432,0.011073986120108101,-0.2797497268248763,-1.0,-41.30327031091733,40320,0,-41.30327031091733,0.6600000000000003
140,-6.7125289989168015,2.5863104926215277,2.5863104926215277,-2.594913480182489,0.005647283795244423,0.010747629780477533,-0.27641358397280175,-1.0,-40.309234884846376,40608,0,-40.309234884846376,0.6600000000000003
141,-7.045160009890122,2.5491943359375,2.549167209201389,-2.558046637309922,0.006034242405601415,0.01043035395236479,-0.25569919750301373,-1.0,-40.477293275281255,40896,1,-40.309234884846376,0.6600000000000003
142,-6.550153651149318,2.5150282118055554,2.5150621202256946,-2.5238107666373253,0.00609422132482804,0.01012352863067968,-0.25358484752683175,-1.0,-41.08458847075797,41184,2,-40.309234884846376,0.6600000000000003
143,-6.616010838566155,2.485378689236111,2.4853515625,-2.494269121852186,0.006157810576648141,0.00982661734128164,-0.23140673766223094,-1.0,-40.7820237831977,41472,3,-40.309234884846376,0.6600000000000003
144,-6.912211178457598,2.4507039388020835,2.4507039388020835,-2.4600503734416432,0.007244487263960764,0.009540430671121512,-0.20826286887232628,-1.0,-40.008424090664484,41760,0,-40.008424090664484,0.6800000000000003
145,-6.220410620931349,2.4208170572916665,2.4208780924479165,-2.4302862534920373,0.007451507152937766,0.009264135306390623,-0.18892381923635387,-1.0,-38.068138288009244,42048,0,-38.068138288009244,0.6800000000000003
146,-6.295640134668988,2.3895941840277777,2.389614529079861,-2.3980897499455347,0.007832268191527368,0.008998082472114928,-0.18367854739901507,-1.0,-39.364382731777454,42336,1,-38.068138288009244,0.6800000000000003
147,-6.967400407468848,2.3574896918402777,2.35748291015625,-2.3667861769596734,0.0078001283044512905,0.008738362870644778,-0.1543818977014679,-1.0,-35.512552466808934,42624,0,-35.512552466808934,0.6800000000000003
148,-6.1912032284049685,2.3339775933159723,2.3339165581597223,-2.3433576416638164,0.006890873769104171,0.00848834567134165,-0.14945695181894633,-1.0,-37.09534455265387,42912,1,-35.512552466808934,0.6800000000000003
149,-6.855571314318221,2.3007744683159723,2.3006998697916665,-2.3101538709468312,0.007005516219780677,0.008244799469442418,-0.13188099187229657,-1.0,-36.95153988027807,43200,2,-35.512552466808934,0.7000000000000003
150,-6.248320743645468,2.2704603407118054,2.2704874674479165,-2.2798673775460987,0.00706688445158458,0.008010669844225049,-0.11303600579008667,-1.0,-37.48190020293302,43488,3,-35.512552466808934,0.7000000000000003
151,-6.395016813602021,2.2408854166666665,2.2408582899305554,-2.2502253684732647,0.007425370246184886,0.0077826377495916355,-0.0987514143732066,-1.0,-37.109927788163766,43776,4,-35.512552466808934,0.7000000000000003
152,-6.84729891051004,2.2109917534722223,2.210964626736111,-2.220339719620016,0.007144885372124716,0.007562490357991515,-0.08898559171292517,-1.0,-36.16859780640673,44064,5,-35.512552466808934,0.7000000000000003
153,-7.024437748242242,2.1821763780381946,2.1822035047743054,-2.191679014099969,0.00710111524838592,0.007347154288759662,-0.08024846608491822,-1.0,-37.56886827344389,44352,6,-35.512552466808934,0.7000000000000003
154,-6.563093062457833,2.1518079969618054,2.1517740885416665,-2.161443134976758,0.0077190051686355015,0.007138512585596699,-0.05980207531603002,-1.0,-37.74213979323144,44640,7,-35.512552466808934,0.7200000000000003
155,-6.869477796499184,2.123565673828125,2.1235419379340277,-2.132826637890604,0.007685923717670246,0.006936909284882454,-0.0648132648412785,-1.0,-35.99078601868302,44928,8,-35.512552466808934,0.7200000000000003
156,-6.758990870393048,2.10137939453125,2.1014268663194446,-2.110987239413791,0.007761548227992737,0.0067389924531906014,-0.04276759131203613,-1.0,-36.04863265551657,45216,9,-35.512552466808934,0.7200000000000003
157,-6.222448892639448,2.0710076226128473,2.0710822211371527,-2.0803082957863808,0.007983979089961698,0.006546417561670144,-0.0469589525309857,-1.0,-37.35274593333223,45504,10,-35.512552466808934,0.7200000000000003
158,-6.968300402009797,2.0433824327256946,2.0433892144097223,-2.0528767104778023,0.008200005456779359,0.006358851643098105,-0.01647791794837556,-1.0,-38.31001254786653,45792,11,-35.512552466808934,0.7200000000000003
159,-6.538651547407479,2.0177510579427085,2.0177714029947915,-2.0268299049801297,0.007849470217479393,0.0061791169476540135,-0.009081318245282292,-1.0,-38.652942119964315,46080,12,-35.512552466808934,0.7400000000000003
160,-6.0742799580394085,1.9892951117621527,1.9892747667100694,-1.9982379832201533,0.007840671600812735,0.006004933691454223,0.01946108758016231,-1.0,-38.185868794312306,46368,13,-35.512552466808934,0.7400000000000003
161,-6.143606406489145,1.9675530327690973,1.9675699869791667,-1.9761003454526265,0.008226249095362922,0.005835741250646404,0.012222016809068413,-1.0,-37.941153731568114,46656,14,-35.512552466808934,0.7400000000000003
162,-6.544848806576755,1.9375813802083333,1.9375983344184027,-1.9463496667643387,0.008297599145508785,0.005670136736524809,0.03532968606224232,-1.0,-39.73201668176089,46944,15,-35.512552466808934,0.7400000000000003
163,-6.544347987090027,1.9159003363715277,1.9159071180555556,-1.9243018821709685,0.008503073866854215,0.0055105859387872946,0.04436333354614261,-1.0,-38.959189982547684,47232,16,-35.512552466808934,0.7400000000000003
164,-6.7762598643326415,1.8906012641059027,1.8906114366319444,-1.8990021807452042,0.009338836035264345,0.00535373858615963,0.03947088128754533,-1.0,-38.44902463774622,47520,17,-35.512552466808934,0.7600000000000003
165,-6.722241498309629,1.8660074869791667,1.8660074869791667,-1.8737987540662289,0.009242833241134778,0.005199669391408356,0.0446465437303737,-1.0,-39.081989462368234,47808,18,-35.512552466808934,0.7600000000000003
166,-6.8751685706575385,1.8402879503038194,1.8402811686197917,-1.8481012963586383,0.009607930604640083,0.005048894892550177,0.04717011008405178,-1.0,-39.02350676340756,48096,19,-35.512552466808934,0.7600000000000003
167,-6.896616478631021,1.8117302788628473,1.81170654296875,-1.8195848340789478,0.010055311973297244,0.004902603981059251,0.05325220613869735,-1.0,-40.00184021082451,48384,20,-35.512552466808934,0.7600000000000003
168,-6.137646443710312,1.7904188368055556,1.7904086642795138,-1.7974364856878917,0.010770293932485705,0.004761069101126243,0.0666280325531261,-1.0,-38.902200733747584,48672,21,-35.512552466808934,0.7600000000000003
169,-5.991073540643393,1.759063720703125,1.759063720703125,-1.765165253645844,0.011463553741729507,0.004622140343094038,0.05520818128813213,-1.0,-40.03255484886569,48960,22,-35.512552466808934,0.7800000000000004
170,-6.47689267354598,1.7311469184027777,1.7311333550347223,-1.7365397376318772,0.01165901195620083,0.004485353736931251,0.05766275835533937,-1.0,-39.12686821032783,49248,23,-35.512552466808934,0.7800000000000004
171,-5.9491293674195305,1.7104560004340277,1.7104899088541667,-1.7155893304281764,0.012714720007756518,0.004352722954030873,0.07152128607978941,-1.0,-39.56777773456427,49536,24,-35.512552466808934,0.7800000000000004
172,-6.637829600580666,1.6815388997395833,1.681549072265625,-1.6857609264552593,0.012973098310693685,0.00422500978392135,0.08799677311779103,-1.0,-39.46894831656679,49824,25,-35.512552466808934,0.7800000000000004
173,-6.395155104248337,1.6620754665798612,1.6620619032118056,-1.6665941522353225,0.012713632622358596,0.004101766179600317,0.10385323324104927,-1.0,-37.850826707344595,50112,26,-35.512552466808934,0.7800000000000004
174,-5.81479185496786,1.6299065483940973,1.6299641927083333,-1.6339912489056587,0.012503105823674964,0.003982605131265397,0.10787812334213716,-1.0,-36.33945476570083,50400,27,-35.512552466808934,0.8000000000000004
175,-5.67258730713433,1.6061909993489583,1.60626220703125,-1.610418686022361,0.011763253574220775,0.003867995184716872,0.1285182415611214,-1.0,-31.916880547157206,50688,0,-31.916880547157206,0.8000000000000004
176,-6.408582374730731,1.5865681966145833,1.5865512424045138,-1.5901141059067514,0.010712866875110194,0.003757059132719102,0.13455458119278774,-1.0,-30.460578751971653,50976,0,-30.460578751971653,0.8000000000000004
177,-6.892876025156811,1.5626017252604167,1.5626152886284723,-1.5662038458718195,0.010296891883222593,0.0036498777189990506,0.16304241432549638,-1.0,-25.794238391291277,51264,0,-25.794238391291277,0.8000000000000004
178,-6.131895712829429,1.526336669921875,1.5263671875,-1.5300011361638706,0.009982723613373108,0.0035468325594491842,0.16103698760788474,-1.0,-22.3344860320589,51552,0,-22.3344860320589,0.8000000000000004
179,-6.496173556554059,1.5107693142361112,1.5107421875,-1.5145242474973202,0.009986388611853018,0.003446240555300998,0.1743356370134279,-1.0,-20.803011641330404,51840,0,-20.803011641330404,0.8200000000000004
180,-6.000232635063556,1.4851616753472223,1.4851243760850694,-1.4892576407227252,0.009527839673359672,0.0033487326759819146,0.2021393457479361,-1.0,-21.578957970069666,52128,1,-20.803011641330404,0.8200000000000004
181,-6.754460022923882,1.4613003200954862,1.4613511827256944,-1.4655185672971938,0.00911453756917682,0.0032551480593004576,0.20732123968708846,-1.0,-20.432973785019026,52416,0,-20.432973785019026,0.8200000000000004
182,-6.295014917232583,1.4309455023871527,1.4309929741753473,-1.4355389463404815,0.008743955999509327,0.0031658171744008237,0.23624261815307868,-1.0,-21.255232915808374,52704,1,-20.432973785019026,0.8200000000000004
183,-5.809644637942748,1.4107903374565973,1.4108005099826388,-1.4155695757104292,0.008949602616161833,0.003079479883631898,0.25420088512409067,-1.0,-23.216656369550137,52992,2,-20.432973785019026,0.8200000000000004
184,-6.6919660873499085,1.385986328125,1.3859727647569444,-1.3907698198325105,0.008478224099639596,0.0029957610725735626,0.2581459183452858,-1.0,-21.21069964387041,53280,3,-20.432973785019026,0.8400000000000004
185,-6.7757901521943955,1.3654852973090277,1.3655293782552083,-1.3704863952265844,0.00836391031043604,0.002915437527311345,0.2954740856981112,-1.0,-21.273871309749527,53568,4,-20.432973785019026,0.8400000000000004
186,-6.600964111303611,1.3435465494791667,1.3435465494791667,-1.3485702607366774,0.00840140462322678,0.00283867913175426,0.31269049225375056,-1.0,-23.257066447859987,53856,5,-20.432973785019026,0.8400000000000004
187,-5.916426847141531,1.3133951822916667,1.3133782280815973,-1.31837413004703,0.008383761240919638,0.002763853990472853,0.32936935080215335,-1.0,-25.205670989055978,54144,6,-20.432973785019026,0.8400000000000004
188,-6.143429803574722,1.2944573296440973,1.2944844563802083,-1.299850545409653,0.008859015608322807,0.002691158491264408,0.3368001313259204,-1.0,-27.668168755106223,54432,7,-20.432973785019026,0.8400000000000004
189,-6.144121805985787,1.2661675347222223,1.2661607530381944,-1.2707767772177856,0.008961252978123311,0.00262104384536441,0.34878203655696577,-1.0,-29.73428525294169,54720,8,-20.432973785019026,0.8600000000000004
190,-6.812024274241324,1.247772216796875,1.2477586534288194,-1.2523364797234535,0.009456072772283934,0.0025526508106850088,0.36492918374844724,-1.0,-26.68380163239539,55008,9,-20.432973785019026,0.8600000000000004
191,-6.831475490885842,1.2182345920138888,1.2182379828559027,-1.2223032646709018,0.009466812740558654,0.0024852085819778344,0.36043967384224135,-1.0,-25.91045215417998,55296,10,-20.432973785019026,0.8600000000000004
192,-6.770108442739468,1.1934238009982638,1.1933865017361112,-1.1973523058825069,0.009890912705385644,0.0024189482517411104,0.36456447518948054,-1.0,-22.543965537974277,55584,11,-20.432973785019026,0.8600000000000004
193,-6.309105870567873,1.1740875244140625,1.1740620930989583,-1.1781456420818965,0.00992529654306256,0.0023532479115399635,0.3776295376010239,-1.0,-27.14319711017275,55872,12,-20.432973785019026,0.8600000000000004
194,-6.918079608807314,1.1516621907552083,1.1517164442274306,-1.1552975877291627,0.0095746276541225,0.0022892238937654635,0.3691377428670724,-1.0,-29.07967822212946,56160,13,-20.432973785019026,0.8800000000000004
195,-6.919375594055593,1.1299981011284723,1.1299675835503473,-1.134048841893673,0.009656347318216123,0.0022268841211270127,0.40499724856474334,-1.0,-28.300598162138254,56448,14,-20.432973785019026,0.8800000000000004
196,-7.300503472642159,1.1012047661675348,1.1011878119574652,-1.1050603439410527,0.009081105708092865,0.002167429432221171,0.39378409843064016,-1.0,-34.312007519561654,56736,15,-20.432973785019026,0.8800000000000004
197,-6.490106796381682,1.0795728895399306,1.0795491536458333,-1.0836336325026221,0.009307947658170532,0.002108013679389842,0.4026390454835362,-1.0,-37.09365671147082,57024,16,-20.432973785019026,0.8800000000000004
198,-6.808968950201238,1.0587310791015625,1.0587226019965277,-1.0621241517364979,0.009506109930549024,0.00205032401815212,0.4170484532498651,-1.0,-32.85037278140974,57312,17,-20.432973785019026,0.8800000000000004
199,-6.243610606038117,1.0354359944661458,1.0353630913628473,-1.0394501775089238,0.008377547949850041,0.001996078908430516,0.4513242516873611,-1.0,-37.31368699671623,57600,18,-20.432973785019026,0.9000000000000005
200,-7.098989160290434,1.0164642333984375,1.0164727105034723,-1.0195977929979563,0.008388585485388629,0.001944013498561819,0.4531709027166168,-1.0,-40.08875186489551,57888,19,-20.432973785019026,0.9000000000000005
201,-7.17151486715127,0.9930046929253472,0.9929962158203125,-0.9964134804904461,0.008588294724985544,0.0018922988706940992,0.4589575868513849,-1.0,-38.61218546429682,58176,20,-20.432973785019026,0.9000000000000005
202,-7.112463557517116,0.9743601481119791,0.9743381076388888,-0.9781217531611522,0.008749479064135812,0.0018438814933890374,0.5115386236252056,-1.0,-39.70854447679475,58464,21,-20.432973785019026,0.9000000000000005
203,-6.60495033496346,0.9522552490234375,0.9522806803385416,-0.9556561077220572,0.009062164956251055,0.0017982336592265507,0.521355697988636,-1.0,-37.77374713218541,58752,22,-20.432973785019026,0.9000000000000005
204,-6.85955747788806,0.9273715549045138,0.9273885091145834,-0.9300539830906523,0.009185738504230458,0.0017534377564313924,0.5142187356121011,-1.0,-39.322093081182445,59040,23,-20.432973785019026,0.9200000000000005
205,-7.055933760840626,0.9066738552517362,0.9066399468315972,-0.9095319718536403,0.009910908328796117,0.0017082323118100045,0.5117010792924298,-1.0,-39.42899419382726,59328,24,-20.432973785019026,0.9200000000000005
206,-6.4020322908292915,0.8928680419921875,0.8928849962022569,-0.895712924707267,0.010915743148264786,0.0016648472907642524,0.5512937973770831,-1.0,-42.66974590178779,59616,25,-20.432973785019026,0.9200000000000005
207,-6.569442115191954,0.8726687961154513,0.8726687961154513,-0.8751147203147411,0.012539622752228752,0.0016238447941658604,0.5534450763629543,-1.0,-41.28823976894486,59904,26,-20.432973785019026,0.9200000000000005
208,-6.783010854357779,0.8487023247612847,0.8486667209201388,-0.8514369086672863,0.01327197216839219,0.001583892219059635,0.5787369188749127,-1.0,-42.2991461332984,60192,27,-20.432973785019026,0.9200000000000005
209,-6.871926370133644,0.8342963324652778,0.8343115912543403,-0.837468145829108,0.013210981618613005,0.0015467593523984153,0.6145906517696049,-1.0,-41.81163475502354,60480,28,-20.432973785019026,0.9400000000000005
210,-6.451604827264494,0.8164164225260416,0.8164282904730903,-0.8193604590164291,0.01401266405850442,0.0015127508789494943,0.6539375052476922,-1.0,-42.6216699566533,60768,29,-20.432973785019026,0.9400000000000005
211,-6.735354265089803,0.7892608642578125,0.7892303466796875,-0.7922287618534433,0.013800661034312926,0.0014812558405942076,0.6607463897930251,-1.0,-42.89257879576007,61056,30,-20.432973785019026,0.9400000000000005
212,-6.866770673786903,0.7724405924479166,0.7724999321831597,-0.775556483409471,0.01468456391335672,0.0014505353634982991,0.6695062547094293,-1.0,-41.93790572751044,61344,31,-20.432973785019026,0.9400000000000005
213,-6.26465877175637,0.7490107218424479,0.7490675184461806,-0.7521308343857527,0.014164115787328532,0.001420308239175938,0.7017585202637646,-1.0,-42.50649487964997,61632,32,-20.432973785019026,0.9400000000000005
214,-6.106854012647614,0.7380523681640625,0.7380930582682291,-0.7419034563418891,0.014300045166035287,0.00139213643221107,0.743972229046954,-1.0,-43.42356378756566,61920,33,-20.432973785019026,0.9600000000000005
215,-6.2897013979502905,0.7195824517144097,0.7195587158203125,-0.7237022587408622,0.015184105519438162,0.0013680678279747048,0.7592967570655875,-1.0,-43.045303597443876,62208,34,-20.432973785019026,0.9600000000000005
216,-6.56186672882032,0.7014075385199653,0.7014380560980903,-0.705982131883502,0.014907723958862739,0.0013449091218515402,0.7735678706732061,-1.0,-43.529678986442924,62496,35,-20.432973785019026,0.9600000000000005
217,-6.4469693745354615,0.6798570421006944,0.6799418131510416,-0.6849206243124273,0.01642765859206621,0.0013212590937554422,0.7767167470107476,-1.0,-42.943761669115325,62784,36,-20.432973785019026,0.9600000000000005
218,-6.800098483194649,0.6659613715277778,0.6659206814236112,-0.6711484048929479,0.017472724058380764,0.001299443553661048,0.8219782631430361,-1.0,-42.18589834487664,63072,37,-20.432973785019026,0.9600000000000005
219,-6.829001749402713,0.6488384670681424,0.6488511827256944,-0.6546811908483505,0.01836758906655531,0.0012797404552758154,0.818411927877201,-1.0,-43.23532392490324,63360,38,-20.432973785019026,0.9800000000000005
220,-6.61728894197318,0.6362575954861112,0.6362652248806424,-0.641743132741087,0.022084861809465412,0.001260293205430369,0.8196906822009219,-1.0,-44.57982102441889,63648,39,-20.432973785019026,0.9800000000000005
221,-6.376876099348232,0.625809563530816,0.6258087158203125,-0.632454825254778,0.02695232306400107,0.0012397809429482247,0.8096770998090506,-1.0,-43.28383425804157,63936,40,-20.432973785019026,0.9800000000000005
222,-6.388609268920795,0.6144171820746528,0.6144036187065972,-0.6207288212867247,0.027225471997452486,0.0012196795384321983,0.8487051524635818,-1.0,-44.07425185163254,64224,41,-20.432973785019026,0.9800000000000005
223,-6.897451583536396,0.6020787556966146,0.6021253797743056,-0.6084458915930655,0.03681314392532739,0.0012024472938113224,0.8947737719863653,-1.0,-44.30540019817037,64512,42,-20.432973785019026,0.9800000000000005
224,-6.303391055307497,0.5935236612955729,0.5935991075303819,-0.5990334295978149,0.03346518465938667,0.001188923147209506,0.8940234190473954,-1.0,-43.76526282934223,64800,43,-20.432973785019026,1.0
225,-6.174713188585632,0.5813539293077257,0.5814183553059896,-0.5869868696770735,0.04069854790577665,0.0011757449109508242,0.9250626891023583,-1.0,-44.01878522014039,65088,44,-20.432973785019026,1.0
226,-6.341190645285212,0.5621363321940104,0.562241448296441,-0.5680724751825134,0.04428939041422887,0.0011687369381737274,0.9883061007906994,-1.0,-41.69722528097893,65376,45,-20.432973785019026,1.0
227,-7.0041770881897465,0.5490612453884549,0.549163818359375,-0.5551015249350004,0.046209952929833285,0.001166230886560192,0.9520159251987934,-1.0,-48.321596819698016,65664,46,-20.432973785019026,1.0
228,-7.202424473682449,0.5411088731553819,0.5411393907335069,-0.5484157026641898,0.050250555382161916,0.001159382985659047,0.9486388009455469,-1.0,-45.86420551220798,65952,47,-20.432973785019026,1.0
229,-5.961511803906164,0.5256618923611112,0.5256678263346354,-0.5336424065753818,0.05042677834474792,0.0011486882786913258,0.9274779202209579,-1.0,-49.193182697579864,66240,48,-20.432973785019026,1.0
230,-6.8544853059521635,0.5157199435763888,0.5157801310221354,-0.5232564301954375,0.05176478657328213,0.0011386257287489974,0.9598823336677419,-1.0,-49.2926067789796,66528,49,-20.432973785019026,1.0
231,-7.20212928611479,0.4928927951388889,0.4929165310329861,-0.5011685513373878,0.04939088775750457,0.001133782930588091,1.0168080478906631,-1.0,-49.056734267223135,66816,50,-20.432973785019026,1.0
232,-6.948882018226134,0.48448435465494794,0.48458947075737846,-0.494482278616892,0.049036942506467715,0.0011404930208098246,1.0637686796900299,-1.0,-49.329683698966015,67104,51,-20.432973785019026,1.0
233,-7.418691172304631,0.47630013359917533,0.4763933817545573,-0.48531596129760146,0.047894499510423176,0.001159606087538931,1.113716156532367,-1.0,-52.881861448576046,67392,52,-20.432973785019026,1.0
234,-7.1465220713953785,0.4626782735188802,0.4627757602267795,-0.4722437869446973,0.04986028571794224,0.0011869440697612138,1.1522792869557936,-1.0,-51.94936642058815,67680,53,-20.432973785019026,1.0
235,-6.95706333040214,0.4631021287706163,0.4632335238986545,-0.4720140763868888,0.05252825749468886,0.0012265687433278395,1.1755656184007723,-1.0,-51.221747041330616,67968,54,-20.432973785019026,1.0
236,-6.978961851880013,0.4549051920572917,0.4550238715277778,-0.46425642621599966,0.05822718330374402,0.0012689185419326855,1.1631167512387037,-1.0,-49.949957543651514,68256,55,-20.432973785019026,1.0
237,-8.20834126702494,0.438468509250217,0.4386456807454427,-0.4478222354211741,0.05746769464652365,0.0013130929429381569,1.1482405718415976,-1.0,-49.601497934137875,68544,56,-20.432973785019026,1.0
238,-8.304798195751529,0.42791832817925346,0.42816416422526044,-0.43926272075623274,0.045986552192415625,0.001364355242306677,1.222216332124339,-1.0,-48.6023616831035,68832,57,-20.432973785019026,1.0
239,-7.927364065275742,0.41954973008897567,0.4197574191623264,-0.4316835721126861,0.047591676916150995,0.0014389766155444603,1.2681653305060334,-1.0,-49.17662390350936,69120,58,-20.432973785019026,1.0
240,-6.777198340286943,0.40098868476019967,0.401161617702908,-0.41424770715336007,0.04900828732125875,0.0015240067441482097,1.2547573211292427,-1.0,-48.46780462743621,69408,59,-20.432973785019026,1.0
241,-7.091172724065133,0.40404658847384983,0.4041156768798828,-0.4182948584978779,0.05270341070394756,0.001611016814422328,1.2861161873572402,-1.0,-46.225854333937924,69696,60,-20.432973785019026,1.0
242,-6.7531875383905415,0.39538870917426217,0.3955056932237413,-0.40954063061831725,0.055582505786636226,0.0017077351820060154,1.2551546483818028,-1.0,-45.42726945750318,69984,61,-20.432973785019026,1.0
243,-7.758545737050734,0.3910687764485677,0.39124128553602433,-0.4054814929453035,0.05827364342985675,0.0017990165902625045,1.2690440370804734,-1.0,-44.50973161572239,70272,62,-20.432973785019026,1.0
244,-6.362818174829226,0.368308597140842,0.3683935801188151,-0.3846947783604264,0.06891795139138897,0.0019068151967884558,1.2960320541428194,-1.0,-43.89192008572552,70560,63,-20.432973785019026,1.0
245,-6.095008126660968,0.36815812852647567,0.36835649278428817,-0.38388701067823505,0.0799007991509926,0.0020241930518144122,1.3106727769805326,-1.0,-43.23950247187103,70848,64,-20.432973785019026,1.0
246,-7.613922122047736,0.36162736680772567,0.36170323689778644,-0.3782799640773899,0.10089140248277949,0.0021523461651263964,1.2694590983705387,-1.0,-41.143172781883806,71136,65,-20.432973785019026,1.0
247,-7.378285759524155,0.3385418785942925,0.33874766031901044,-0.35490842577483916,0.11408315812392782,0.002261444947281335,1.241554539443718,-1.0,-44.18005576681691,71424,66,-20.432973785019026,1.0
248,-6.065342169089884,0.31911500295003253,0.31928380330403644,-0.3346423396788951,0.11292937220746858,0.0023493984335800633,1.1473519475095801,-1.0,-44.09056664325825,71712,67,-20.432973785019026,1.0
249,-7.313563249167228,0.3094530900319417,0.30950503879123265,-0.3223882662649784,0.13526064859858403,0.0024077328513764464,1.0746980472985241,-1.0,-44.52395986879426,72000,68,-20.432973785019026,1.0
250,-6.4297103108597495,0.31099457210964626,0.3110205332438151,-0.3204107376643353,0.12633351050317287,0.0024382149131270126,1.026695113422142,-1.0,-43.3290540352911,72288,69,-20.432973785019026,1.0
251,-6.920912962399001,0.29447831047905815,0.29482947455512154,-0.3084707411730455,0.13415261627071434,0.0024410856939438316,1.0642898956106768,-1.0,-43.2965189063108,72576,70,-20.432973785019026,1.0
252,-6.4096962755532125,0.2869361771477593,0.2873099115159776,-0.2971262141881097,0.1405768616694129,0.002478634700916397,1.032174873476227,-1.0,-43.66570556583715,72864,71,-20.432973785019026,1.0
253,-6.933220046718364,0.282087590959337,0.28263510598076713,-0.2890465070118403,0.11534076591487974,0.0024696793665902484,0.9389945630811982,-1.0,-41.67516363433672,73152,72,-20.432973785019026,1.0
254,-7.511805633299461,0.2713109254837036,0.2717166418830554,-0.2793401572982677,0.12359051245989071,0.002444608119225854,0.9835493945413165,-1.0,-41.60580786522926,73440,73,-20.432973785019026,1.0
255,-8.500858234440225,0.2512935201327006,0.2517486678229438,-0.2584359269951367,0.119642377895717,0.0024402879967561197,1.0094369544337194,-1.0,-37.48439773883882,73728,74,-20.432973785019026,1.0
256,-6.963060987645617,0.24730943971210056,0.24777821699778238,-0.2546678198818376,0.11926256446167827,0.0024664497905177996,1.0921635685695543,-1.0,-34.7837322351892,74016,75,-20.432973785019026,1.0
257,-7.620632455287076,0.21833729412820604,0.21876900063620675,-0.22269794351369557,0.13897374225780368,0.0025170196652955687,1.0216293047285743,-1.0,-33.20600640211879,74304,76,-20.432973785019026,1.0
258,-6.2318791796886694,0.2067254384358724,0.2072632975048489,-0.21054385846946388,0.18245811680228347,0.002519323425884876,0.9904048163443804,-1.0,-35.39475886311049,74592,77,-20.432973785019026,1.0
259,-7.324244478492577,0.19433222545517814,0.1948279705312517,-0.19825406331801787,0.24754381322094965,0.002518856015133982,1.008875612790386,-1.0,-35.551495372332674,74880,78,-20.432973785019026,1.0
260,-6.929039268836309,0.1960559669468138,0.1966263291736444,-0.20132997472925732,0.2120141638184173,0.0025572159841734297,1.1010117075509496,-1.0,-40.16794115602166,75168,79,-20.432973785019026,1.0
261,-7.188844744441443,0.1815264489915636,0.18221721798181534,-0.18494611469860603,0.17593047128886813,0.0026191627241334775,1.0149683728814125,-1.0,-42.36978405028879,75456,80,-20.432973785019026,1.0
262,-7.514557136835104,0.1755729383892483,0.17623114585876465,-0.17985582584515214,0.18311378923762175,0.0025858536989997244,0.9423820320516825,-1.0,-51.22144472819863,75744,81,-20.432973785019026,1.0
263,-8.294119819129055,0.17253955205281576,0.1731239292356703,-0.17775812662956822,0.1801694826895578,0.0025457117379927593,0.9590877097927861,-1.0,-52.746986772805606,76032,82,-20.432973785019026,1.0
264,-7.481509130593673,0.15715590698851478,0.15763586428430346,-0.16635925723110428,0.2237164004602366,0.0025041941375497524,0.9564731226613125,-1.0,-53.18832040799641,76320,83,-20.432973785019026,1.0
265,-6.675256711762791,0.16913004550668928,0.1696583347188102,-0.1798230216308083,0.2686611709909307,0.002472297833365802,1.010452259124981,-1.0,-52.970652093754126,76608,84,-20.432973785019026,1.0
266,-7.54200391643006,0.17605545785692003,0.17656930949952868,-0.18375726172881615,0.30786102673866683,0.0024616962732074577,0.9708285279985931,-1.0,-53.676739689991386,76896,85,-20.432973785019026,1.0
267,-7.250616499623545,0.20593705690569347,0.20651296112272474,-0.21636269782902673,0.31333455681386924,0.0024648439284646884,1.0501759958763917,-1.0,-53.61303824816954,77184,86,-20.432973785019026,1.0
268,-7.8287961220467785,0.22322925594117907,0.2238067322307163,-0.23312275984143424,0.31021372854916585,0.0025132097006361517,1.0544030333144798,-1.0,-53.02230405289862,77472,87,-20.432973785019026,1.0
269,-6.189865583511317,0.23603624353806177,0.23616421222686768,-0.24696264469013032,0.30316502130072975,0.002543421977962781,1.0111833800458245,-1.0,-52.812352834171385,77760,88,-20.432973785019026,1.0
270,-6.204117862895669,0.26127620538075763,0.261286457379659,-0.2781661058931301,0.2765482302444677,0.002586745778292728,1.101807586227854,-1.0,-53.187406496627176,78048,89,-20.432973785019026,1.0
271,-8.265525903809165,0.29343433015876347,0.2938511868317922,-0.30921660472975215,0.2764482814301219,0.0026771035158566926,1.0685212792207797,-1.0,-53.49970268164309,78336,90,-20.432973785019026,1.0
272,-8.52150146813151,0.3191876146528456,0.31974151399400497,-0.3388126622368064,0.2947342427861359,0.002794548303225181,1.1657221501486168,-1.0,-52.712028925743674,78624,91,-20.432973785019026,1.0
273,-8.022204682006386,0.34854170348909164,0.3488047156069014,-0.3717239228361804,0.2976840550286902,0.0029702209463317152,1.120128033682704,-1.0,-52.74724360735976,78912,92,-20.432973785019026,1.0
274,-7.930451140293381,0.3706263502438863,0.3710250448849466,-0.3938049108837731,0.34783823244894546,0.0030840952870979286,1.1030539385974407,-1.0,-53.497027489156295,79200,93,-20.432973785019026,1.0
275,-7.880753809038766,0.40314800209469265,0.4034270577960544,-0.43123795218869215,0.3973915480180747,0.0031874674087804225,1.0573155875835154,-1.0,-52.89236863047279,79488,94,-20.432973785019026,1.0
276,-7.173294855852941,0.45991267098320854,0.4602605203787486,-0.48904399557634154,0.5978740971121523,0.0032772966644390384,1.0887300831576188,-1.0,-53.99032191840644,79776,95,-20.432973785019026,1.0
277,-8.15411466971584,0.49973223523961174,0.4997730520036485,-0.5286529777157638,0.6813455812839998,0.0033691698061172953,1.0522343752284844,-1.0,-53.5916569015514,80064,96,-20.432973785019026,1.0
278,-6.917528556913855,0.5397888554467095,0.5400459501478407,-0.5717277703289356,0.6946575864114695,0.0034061220293450686,1.022425218588776,-1.0,-53.47147629026686,80352,97,-20.432973785019026,1.0
279,-8.147341964941267,0.6204037931230333,0.6204554438591003,-0.6509562040575676,0.6383431572467089,0.0034366378903440717,1.0338580494539604,-1.0,-53.859266459754394,80640,98,-20.432973785019026,1.0
280,-6.160604525779663,0.6516520182291666,0.651616096496582,-0.6843067592708394,0.6443265388823218,0.0034645463618087685,1.0170447921587362,-1.0,-54.03088333605115,80928,99,-20.432973785019026,1.0
281,-6.97786475825506,0.7212333679199219,0.7212768130832248,-0.7602737028565671,0.680984160138501,0.0035791546251857653,1.1119522609644465,-1.0,-53.529372960424524,81216,100,-20.432973785019026,1.0
282,-7.323236914950137,0.8044637044270834,0.8046578301323785,-0.8436945912738641,0.6498232928829061,0.0037242967050082777,1.0741445124149323,-1.0,-55.79298030924286,81504,101,-20.432973785019026,1.0
283,-9.015261559260601,0.8897779252794054,0.8897160424126519,-0.9332648958079517,0.6605237230865492,0.0038584291339955395,1.088475276198652,-1.0,-56.32125527294835,81792,102,-20.432973785019026,1.0
284,-8.404341777349144,0.975189208984375,0.9752163357204862,-1.0262314244690869,0.648692996137672,0.00401269175280403,1.1030981784893408,-1.0,-56.12047499006402,82080,103,-20.432973785019026,1.0
285,-7.33177874593161,1.0414360894097223,1.041270785861545,-1.0961969503098064,0.7303928273419539,0.00418359899130236,1.0817909389734268,-1.0,-56.34032621409739,82368,104,-20.432973785019026,1.0
286,-6.824218896346091,1.0717630651262071,1.0714815457661946,-1.136342525921969,0.7684820222978791,0.004286806509804187,1.055853719305661,-1.0,-56.745183551473964,82656,105,-20.432973785019026,1.0
287,-8.116020528129813,1.2271431816948786,1.2268948025173612,-1.300211779669755,0.8340271080119742,0.004398314149713972,1.0576998663859234,-1.0,-56.754850664565005,82944,106,-20.432973785019026,1.0
288,-7.15710931079494,1.2186113993326824,1.2187525431315105,-1.2973892463164196,0.8579114745888445,0.0044708805766681,1.0202550902548764,-1.0,-57.075486605371744,83232,107,-20.432973785019026,1.0
289,-8.363269154303913,1.3455140855577257,1.3451020982530382,-1.4367726504181821,0.9836656913782159,0.004583062704316237,1.1075982476274173,-1.0,-57.81597678198804,83520,108,-20.432973785019026,1.0
290,-9.274280459009582,1.484665764702691,1.4841732449001737,-1.5916606719709105,1.3946142651968532,0.004900657623592351,1.2705064796739154,-1.0,-57.738124137681545,83808,109,-20.432973785019026,1.0
291,-10.848872120369183,1.6119147406684027,1.6113196478949652,-1.742578812978334,1.5801783084041543,0.00535298361016127,1.311431033950713,-1.0,-58.107709588772984,84096,110,-20.432973785019026,1.0
292,-10.999090792523006,1.7693379720052083,1.7692311604817708,-1.9237074851989746,1.8998625152226951,0.005826818837603141,1.4194131675693724,-1.0,-57.907121274717554,84384,111,-20.432973785019026,1.0
293,-10.670567109751874,1.9680362277560763,1.9673614501953125,-2.144013807591465,2.188147611502144,0.006399996268252532,1.4303705688152049,-1.0,-56.90535050386839,84672,112,-20.432973785019026,1.0
294,-9.620594855857771,2.216890123155382,2.2164747450086804,-2.4089459205667176,2.4527656907836595,0.006904932414828282,1.4233951601717207,-1.0,-56.278962888572096,84960,113,-20.432973785019026,1.0
295,-10.998136808003892,2.391844007703993,2.3912896050347223,-2.608653431137403,2.611446009741889,0.0074443460552073605,1.4303031240900357,-1.0,-55.7164421785781,85248,114,-20.432973785019026,1.0
296,-10.08273811141888,2.6573621961805554,2.657470703125,-2.889962011741267,3.0174305343793497,0.007924582873885002,1.402245343145397,-1.0,-55.79638522106467,85536,115,-20.432973785019026,1.0
297,-10.008641519944577,3.0032246907552085,3.0032789442274304,-3.269882994807429,3.3598512440092034,0.008451413790074488,1.42087301487724,-1.0,-55.78706876134061,85824,116,-20.432973785019026,1.0
298,-11.392105000185413,3.3471544053819446,3.3468085394965277,-3.635296404775646,4.014151241216394,0.009015358033745239,1.4561059143808153,-1.0,-55.61009628094141,86112,117,-20.432973785019026,1.0
299,-9.639908379794702,3.6339959038628473,3.6339891221788196,-3.9404267999860974,4.227798535592026,0.00964109372580424,1.4600836584965389,-1.0,-55.80696175929186,86400,118,-20.432973785019026,1.0
300,-10.658010687776232,4.021755642361111,4.020894368489583,-4.3569728343023195,4.51494971000486,0.010263926660021147,1.47360635176301,-1.0,-55.84822109658086,86688,119,-20.432973785019026,1.0
301,-9.565217014163297,4.438727484809028,4.438035753038195,-4.782459494140413,4.248455224765672,0.01087339356308803,1.3807600624859333,-1.0,-56.12399373953628,86976,120,-20.432973785019026,1.0
302,-10.657702680503148,4.921162923177083,4.920905219184028,-5.283638354804781,4.390407224496205,0.01144900597864762,1.38162211370137,-1.0,-55.91030285037056,87264,121,-20.432973785019026,1.0
303,-8.788225526977108,5.2939453125,5.294243706597222,-5.682597745623854,4.861757550802496,0.012052818634805994,1.3722714309891064,-1.0,-55.27431598595607,87552,122,-20.432973785019026,1.0
304,-9.922531271826594,5.940999348958333,5.941419813368055,-6.364227248562707,5.4305050828390655,0.012733168906480487,1.4086781442165375,-1.0,-54.179961080019375,87840,123,-20.432973785019026,1.0
305,-8.55165760239935,6.299180772569445,6.29888916015625,-6.713762546579043,5.874532483518124,0.01337108293470616,1.2982665701872773,-1.0,-54.60949170743004,88128,124,-20.432973785019026,1.0
306,-8.494713411439202,6.864800347222222,6.864881727430555,-7.294369810157352,6.423004187643528,0.013927256177541696,1.2716037548250623,-1.0,-52.393947297453884,88416,125,-20.432973785019026,1.0
307,-7.649094666499521,7.365749782986111,7.366007486979167,-7.799755253725582,7.716380016671287,0.014589799348161452,1.3495201373265848,-1.0,-51.3465363738222,88704,126,-20.432973785019026,1.0
308,-7.429147622854931,7.972412109375,7.972927517361111,-8.391693722870615,7.850048111544715,0.015380672483135842,1.3504140045907762,-1.0,-48.76997705828529,88992,127,-20.432973785019026,1.0
309,-6.616852617556595,8.5853271484375,8.58566623263889,-8.996462835205925,8.472342890169886,0.016212533784305885,1.339137906415595,-1.0,-49.057820168727496,89280,128,-20.432973785019026,1.0
310,-6.756417216868622,9.189466688368055,9.188924153645834,-9.59329086376561,9.250705561704105,0.016998650001672406,1.2833663502501116,-1.0,-50.167352035985935,89568,129,-20.432973785019026,1.0
311,-6.856360521990068,9.87704806857639,9.878553602430555,-10.264095316330591,10.226810369226667,0.017761616385541856,1.2908615842461586,-1.0,-49.69586926736748,89856,130,-20.432973785019026,1.0
312,-7.146349440925451,10.704345703125,10.704277886284721,-11.089396917157703,11.042369809415606,0.018583563583282132,1.2555247967441876,-1.0,-50.929401608136494,90144,131,-20.432973785019026,1.0
313,-6.669836874747578,11.44216579861111,11.442369249131945,-11.79892218609651,13.357658271988234,0.0193511643835033,1.2196794528928068,-1.0,-51.58529463273296,90432,132,-20.432973785019026,1.0
314,-6.984393612572233,12.016777886284721,12.017076280381945,-12.372855828868019,13.913752168416977,0.020101219829585817,1.210598608271943,-1.0,-51.973575346321205,90720,133,-20.432973785019026,1.0
315,-6.536087232427765,12.675428602430555,12.675726996527779,-13.039140194654465,14.82413019405471,0.020957943103793595,1.2050542098780472,-1.0,-52.131091807526275,91008,134,-20.432973785019026,1.0
316,-7.641631869047248,13.574598524305555,13.576253255208334,-13.92129972908232,16.727140191528534,0.021759236166771088,1.2002038537628121,-1.0,-50.29382179892789,91296,135,-20.432973785019026,1.0
317,-7.474613115326349,14.314046223958334,14.315863715277779,-14.653714746236801,17.54019980960422,0.02255570870410237,1.1601339373737574,-1.0,-50.21708699746792,91584,136,-20.432973785019026,1.0
318,-8.148900446600368,15.013047960069445,15.014268663194445,-15.330339497990078,18.946137617031734,0.02325670371970369,1.129953213243021,-1.0,-48.23484621001171,91872,137,-20.432973785019026,1.0
319,-6.638019712886695,15.864176432291666,15.865966796875,-16.209892041153378,20.95817600025071,0.023958027647394273,1.1208021531088486,-1.0,-46.28507201122477,92160,138,-20.432973785019026,1.0
320,-6.442661693628141,16.726481119791668,16.72705078125,-17.07733002305031,22.697025491131676,0.024555757098520797,1.097384973325663,-1.0,-42.77377185207056,92448,139,-20.432973785019026,1.0
321,-6.594386832356154,17.36724175347222,17.366346571180557,-17.727439989646275,23.08853449755245,0.025117406375809677,1.0925125645266638,-1.0,-36.95200851521175,92736,140,-20.432973785019026,1.0
322,-6.008090491257105,18.247911241319443,18.24655490451389,-18.60465282201767,30.7999918990665,0.025657966927004356,1.1154180589235492,-1.0,-39.061573364349385,93024,141,-20.432973785019026,1.0
323,-6.301119652441835,18.80585394965278,18.80219184027778,-19.169471244017284,33.28411826822493,0.026482844453615446,1.0814653281122446,-1.0,-40.97681312299576,93312,142,-20.432973785019026,1.0
324,-8.988622698341093,19.690511067708332,19.691324869791668,-20.11198738548491,34.82611878712972,0.027114004724555545,1.065481945251425,-1.0,-51.16563990062713,93600,143,-20.432973785019026,1.0
325,-7.1809142995141,20.419325086805557,20.416910807291668,-20.825697167052162,38.91762547360526,0.027176223126136594,0.9554455961204238,-1.0,-49.92190501779694,93888,144,-20.432973785019026,1.0
326,-6.6323932131173775,20.969346788194443,20.96636284722222,-21.386849055687588,42.34427762031555,0.026719966243642073,0.9387539316796594,-1.0,-50.88192555998118,94176,145,-20.432973785019026,1.0
327,-8.936380666602929,22.44482421875,22.441270616319443,-22.83083701464865,58.84740836090512,0.026398897209825616,0.989738269812531,-1.0,-51.63242497951484,94464,146,-20.432973785019026,1.0
328,-7.961037654141383,23.050401475694443,23.04682074652778,-23.456819223033058,94.88098296854231,0.026319649432682328,1.0349918599757884,-1.0,-52.43092339396325,94752,147,-20.432973785019026,1.0
329,-9.667312551054403,24.298990885416668,24.29665798611111,-24.738623049524094,133.399897813797,0.027046748139481578,1.1334307417273521,-1.0,-52.547748544821445,95040,148,-20.432973785019026,1.0
330,-9.949653232108622,24.96782769097222,24.961832682291668,-25.434456447760265,158.65802574157715,0.028635322271535795,1.2211547713312838,-1.0,-49.824026365989376,95328,149,-20.432973785019026,1.0
331,-9.125229657881544,25.99777560763889,25.9912109375,-26.482526534133488,166.2015462451511,0.030478049328343734,1.189211719772882,-1.0,-45.640350504318775,95616,150,-20.432973785019026,1.0
332,-9.530060711924607,26.94878472222222,26.93608940972222,-27.41190465291341,171.95761922995248,0.03197655767305858,1.1500463692678347,-1.0,-44.50219673380723,95904,151,-20.432973785019026,1.0
333,-9.615526131085904,27.871907552083332,27.85964626736111,-28.40214039882024,158.52822897169324,0.033565446061806545,1.1701978318807151,-1.0,-45.31545448514416,96192,152,-20.432973785019026,1.0
334,-9.07742539671615,29.33930121527778,29.328721788194443,-29.858037524753147,122.09216757615407,0.03532953286129567,1.168340981627504,-1.0,-43.713621781890545,96480,153,-20.432973785019026,1.0
335,-9.868920675760934,31.09331597222222,31.08420138888889,-31.693380143907333,119.16502128707037,0.036967986806606255,1.1451848124464352,-1.0,-43.53618277434799,96768,154,-20.432973785019026,1.0
336,-7.753640594628011,31.74636501736111,31.744791666666668,-32.3705647389094,120.90483825736575,0.03880288159578211,1.189846504272686,-1.0,-41.75326663645243,97056,155,-20.432973785019026,1.0
337,-9.901271827092614,33.05859375,33.05669487847222,-33.72038450505998,135.6482757727305,0.04092625593249169,1.1661123861041334,-1.0,-42.47697917636898,97344,156,-20.432973785019026,1.0
338,-9.376894976751897,34.83973524305556,34.838595920138886,-35.45497575071123,141.27951889567905,0.04238952789455652,1.099690320591132,-1.0,-40.15317445428935,97632,157,-20.432973785019026,1.0
339,-9.501452072354805,36.130588107638886,36.126247829861114,-36.86768482128779,152.5427883995904,0.04424311556956834,1.1804588406036298,-1.0,-42.71865364858485,97920,158,-20.432973785019026,1.0
340,-8.76364870029732,37.27528211805556,37.26963975694444,-37.991725113656784,150.32811649640402,0.04677255736250016,1.2346772431499429,-1.0,-42.602531838965575,98208,159,-20.432973785019026,1.0
341,-8.861772670795316,38.631618923611114,38.62803819444444,-39.365774903032516,162.40493067105612,0.04985016897424228,1.235142524043719,-1.0,-40.182191653544095,98496,160,-20.432973785019026,1.0
342,-9.281929440319749,39.500705295138886,39.502766927083336,-40.36562820937898,193.49980656305948,0.053013000223371715,1.185730378040009,-1.0,-45.83074182325154,98784,161,-20.432973785019026,1.0
343,-9.6212607681618,41.30555555555556,41.298122829861114,-42.17759707238939,202.35160194502936,0.05552448505639202,1.2362144848124847,-1.0,-44.48899150275354,99072,162,-20.432973785019026,1.0
344,-9.689087801134011,42.55235460069444,42.54193793402778,-43.57682991690106,221.61969802114697,0.059483820469015174,1.3355010346406035,-1.0,-40.374522023659296,99360,163,-20.432973785019026,1.0
345,-9.819669592734618,42.51475694444444,42.50450303819444,-43.66579770379596,302.8123157819112,0.06406076211068365,1.32538306257791,-1.0,-44.66730756210953,99648,164,-20.432973785019026,1.0
346,-8.627851341805146,44.9873046875,44.97319878472222,-46.28256799115075,371.6833416091071,0.0689069311031037,1.3725396634803877,-1.0,-44.887290576508,99936,165,-20.432973785019026,1.0
347,-9.113614899491626,46.52056206597222,46.505859375,-47.83467068274816,459.56572882334393,0.07377892230740851,1.3812307239406638,-1.0,-47.20717249322767,100000,166,-20.432973785019026,1.0
348,-9.376587888621206,48.08534071180556,48.07036675347222,-49.50120082828734,526.5199471049839,0.07912919701387484,1.3925726351638634,-1.0,-44.616706244716845,100000,167,-20.432973785019026,1.0
349,-7.814993230837428,50.94487847222222,50.927517361111114,-52.51531679100461,539.9180804888407,0.0850546223939293,1.4194347001612186,-1.0,-46.00511826406568,100000,168,-20.432973785019026,1.0
350,-9.22649908014481,53.18023003472222,53.16069878472222,-54.95461230807834,701.0471033520168,0.09059512185760671,1.4128264987634287,-1.0,-44.011374110662565,100000,169,-20.432973785019026,1.0
351,-9.447181787860314,56.04150390625,56.03162977430556,-57.64010260502497,779.952270825704,0.09629426239472297,1.3379982747137547,-1.0,-42.722490917233785,100000,170,-20.432973785019026,1.0
352,-9.06021627104019,57.287868923611114,57.278537326388886,-59.074223306443955,712.1459062364366,0.10116936400946644,1.3079919541875522,-1.0,-46.17157896450873,100000,171,-20.432973785019026,1.0
353,-8.812524887320802,59.91460503472222,59.90733506944444,-61.78085894054837,783.3460767534044,0.10643385205831793,1.3542594359152846,-1.0,-44.23048827533099,100000,172,-20.432973785019026,1.0
354,-9.316979715292298,61.94769965277778,61.937825520833336,-63.96706675158607,848.1349176830715,0.11231660558324721,1.2914100471470091,-1.0,-40.55608157938817,100000,173,-20.432973785019026,1.0
355,-8.180249510730519,64.70855034722223,64.69498697916667,-66.94139949480693,984.6286975012886,0.1182719684826831,1.3914662972092628,-1.0,-43.11262822690787,100000,174,-20.432973785019026,1.0
356,-8.966586261450026,65.67751736111111,65.68055555555556,-68.29777504338159,1290.1528176201714,0.12612405414175656,1.417056607703368,-1.0,-39.532647712105856,100000,175,-20.432973785019026,1.0
357,-8.252691267678758,69.69205729166667,69.6904296875,-72.72733371787601,1296.4529145558674,0.13406553212553263,1.3765320889651775,-1.0,-41.12402217168256,100000,176,-20.432973785019026,1.0
358,-8.738111616614365,73.59765625,73.58995225694444,-77.24550849861569,1363.9476891623603,0.14223353233602312,1.4041352143718138,-1.0,-42.46379440411874,100000,177,-20.432973785019026,1.0
359,-8.35917108042145,79.25694444444444,79.244140625,-83.43849117226071,1379.6549371083577,0.150510392876135,1.335070641918315,-1.0,-42.352088943648376,100000,178,-20.432973785019026,1.0
360,-8.9652449337883,83.96408420138889,83.94997829861111,-88.81542642911275,1420.62786632114,0.15838010598801905,1.35548318674167,-1.0,-41.60433952856831,100000,179,-20.432973785019026,1.0
361,-9.451145127836819,90.384765625,90.35980902777777,-95.90038635995653,1535.9779478708904,0.16694236608843008,1.34667251797186,-1.0,-43.271608318304544,100000,180,-20.432973785019026,1.0
362,-9.27249275286772,97.85036892361111,97.82671440972223,-103.92828901608785,1542.3043314615886,0.17587263199190298,1.3315539244148467,-1.0,-44.25442725052326,100000,181,-20.432973785019026,1.0
363,-9.189459246624416,106.15538194444444,106.13107638888889,-112.68175495995416,1621.4850603739421,0.18512413847363657,1.324240769777033,-1.0,-44.43941232823038,100000,182,-20.432973785019026,1.0
364,-10.431702035481557,113.64453125,113.60329861111111,-120.37435907787747,1697.29159673055,0.19542041410588556,1.3575992039922211,-1.0,-43.83427945162873,100000,183,-20.432973785019026,1.0
365,-8.544737406030043,123.16471354166667,123.13389756944444,-130.20166431532965,1716.5860697428386,0.20660051993197864,1.3322026849620872,-1.0,-44.65422193295142,100000,184,-20.432973785019026,1.0
366,-9.449765410440238,133.91861979166666,133.88368055555554,-141.30888832939996,1799.8494447072346,0.21641122829169035,1.2879967116233375,-1.0,-47.1743851876518,100000,185,-20.432973785019026,1.0
367,-10.481666915103803,142.82964409722223,142.79123263888889,-150.45065938101874,1873.2121018303765,0.22761656126628318,1.3101581546167533,-1.0,-47.2424589825055,100000,186,-20.432973785019026,1.0
368,-8.620898955335598,152.58116319444446,152.55425347222223,-160.5083089404636,2282.349342770047,0.2386424695659015,1.2938681733277109,-1.0,-45.474212682571796,100000,187,-20.432973785019026,1.0
369,-10.29260749768309,165.56987847222223,165.53146701388889,-173.56488847732544,2348.6106300354004,0.25159106662289965,1.3123790435492992,-1.0,-40.627909690946204,100000,188,-20.432973785019026,1.0
370,-10.015638926719294,176.86067708333334,176.828125,-185.29838392469617,2633.52986907959,0.26459217961463666,1.3117870959556766,-1.0,-43.53180351748878,100000,189,-20.432973785019026,1.0
371,-10.252074791450621,191.45746527777777,191.41189236111111,-200.4327803717719,3059.0740254720054,0.2790078818798065,1.291340508394771,-1.0,-48.80132083717916,100000,190,-20.432973785019026,1.0
372,-9.500651989644396,203.40407986111111,203.32508680555554,-212.26610369152493,3713.4249547322593,0.2940248317188687,1.318108257320192,-1.0,-47.63132935938461,100000,191,-20.432973785019026,1.0
373,-9.07510196371405,220.16796875,220.06597222222223,-229.70073053571912,4000.6332944234214,0.311378154075808,1.3463745245503054,-1.0,-50.69033348296923,100000,192,-20.432973785019026,1.0
374,-10.338725328119368,234.31380208333334,234.21440972222223,-244.05156983269586,3806.0792821248374,0.3290443033393886,1.2942402495278253,-1.0,-51.50248305521774,100000,193,-20.432973785019026,1.0
375,-9.676647152499001,254.69140625,254.60503472222223,-264.07972934510974,4173.735329945882,0.34357712148792213,1.2063539564195607,-1.0,-51.347711411639125,100000,194,-20.432973785019026,1.0
376,-8.080033184748574,270.8697916666667,270.7734375,-280.6636010805766,4528.172047085232,0.3539674983670314,1.1345644856078758,-1.0,-53.54033325691918,100000,195,-20.432973785019026,1.0
377,-7.425689423398011,288.13194444444446,288.07074652777777,-298.1317636171977,4915.832388983832,0.3614666987624433,1.075746454919378,-1.0,-54.00465316136867,100000,196,-20.432973785019026,1.0
378,-7.358927464372872,309.25,309.19921875,-319.6620712810093,5440.174269782172,0.36779460683465004,1.1182819019175239,-1.0,-50.63917029112198,100000,197,-20.432973785019026,1.0
379,-8.400134146027893,328.3654513888889,328.3103298611111,-338.2526772816976,5735.0442301432295,0.3771110808269845,1.1455878456019692,-1.0,-47.612665973897,100000,198,-20.432973785019026,1.0
380,-8.904367496188904,348.33506944444446,348.25,-357.38896719614667,6411.823887295193,0.39141855761408806,1.1523425529400508,-1.0,-48.06935496259741,100000,199,-20.432973785019026,1.0
